x,y,z
10.264320985036193,-9.800871739978902,5.568114725395674
-14.781408966712206,-14.425950599164935,-0.007983209026576787
-9.704548713073109,-9.763430312857963,10.39420017958571
-9.931968342032178,10.013309104426298,-0.060210459197094224
-9.102856054289532,10.205681278777774,15.16815227003326
-0.010048039697778677,10.034518427564763,5.10286529309041
0.4682331863087441,-9.96764430825715,5.204276545855052
5.482801127963057,9.97829197908868,0.14110153968692885
9.875808631850305,-9.879980535013601,0.08983775024114493
0.2661660023724721,0.4817830613383194,-0.019785302947923356
0.18495108953526795,9.958805696544005,4.917055728216617
10.078641308673468,0.3313933822337276,0.15718941406748854
10.179843705759595,-9.90283225881285,5.403006443000692
0.2743233829502678,9.944625317439204,4.909222885511092
0.30472345040664095,-9.909029284550343,4.792008623436569
10.244455004815336,10.095099432423012,5.168182988441714
-9.83707008266947,0.23095579542564337,4.97388836264529
-9.849652888910896,-9.859977748594247,0.04321099047893995
-9.45569521960806,10.385245994402794,8.320584935775287
10.259591862975412,10.076009204232832,-0.03931188023892673
-4.542931528281997,0.19363127706833438,-0.10528014404582109
10.041001898148352,-9.973832147166831,0.008693780193141265
0.10536773399671517,10.129003930836916,-0.16280582828909473
0.3819407804354924,10.20181872806279,0.08895977715854997
-4.841713833267249,15.01912787614856,0.035361125234146584
10.023080746452706,-9.814853071147809,10.462691078727289
-0.016290860309169375,10.022741935070371,5.146017317650902
-0.18885606076750605,9.625837288622279,-0.28697467877719873
0.28215608687295557,-10.194292537169531,5.205654546654998
4.883285576858043,-4.9952936606277945,-0.0007512544582937153
0.249832286556666,-9.901213335600914,0.12369895535726982
-14.620985573203598,10.186188871681225,-0.056822748915294596
-5.2455036346270845,10.525005205883645,15.102498960697403
5.496610021752986,0.1625054910293784,0.059136888274395005
10.254555072913263,10.073290923959576,5.172093598134595
10.139794908402564,0.288250954279647,0.0710976592578163
15.54020779744178,5.111840957906679,-0.028128896820646787
0.6730190487401444,-13.98471032170346,15.16950927386847
-9.827923581622144,-9.981872663018294,5.183307177130061
-4.26926491613699,5.262372235374642,9.99738454217686
0.43119812819153225,-19.780951509135775,0.0826639872608439
-0.09368317969745021,-10.085213247541105,10.289004186432862
0.29974201607062767,14.99844730598852,-0.023453172730626193
6.661230189915841,-0.3271284514157742,-0.012238393908603484
10.0234332402556,9.835361270495923,0.12824629800576304
5.570638304817521,5.0473514681943925,10.021369674951188
-9.789041273872954,0.032309647679085174,4.838057535480871
-9.811797499523891,9.831946832826361,0.04389669135588292
10.475470885578488,0.14843854372907117,5.021257852540444
-9.776202756809198,-0.02047603074424842,0.1649945857730586
-4.221822917833151,9.960772698454093,15.187621855562838
10.087279444380783,-10.005025510617997,-0.019064207187568627
10.14088193408952,-9.887799546238966,-0.018147539698532
10.16821752287342,-9.896191203064518,-0.028594429524503084
-8.96532438260465,10.295540703868028,9.716921485154899
-5.596005236272958,10.229572134878254,15.09105861448279
0.21246614070779657,-9.956216915219557,0.051911832708810834
0.3005145368663875,-14.221568178589223,4.919395315012302
0.47861653564385875,8.68816431373125,-0.05729368083865438
-9.693109983538761,9.684463540674187,0.14235715817812888
-10.123160573214136,-4.586084279086208,-0.027323213288070747
-9.572430775690464,10.028298945137067,10.253273351585335
0.16319264388370058,-9.921306969539728,0.0723679756243314
0.2858216785887713,10.046425577165792,4.8829413596971065
0.16499855381164608,-9.881955702992855,0.09774160768097317
0.2591198671041539,10.199506709730485,9.926294818714268
-9.866411626071567,-9.845504411758156,-0.0030189266497586686
10.26597953969258,-9.760742655344075,10.42998860610794
15.877830640679349,0.03446890310033268,0.07884433941876523
0.12684944877236148,0.13122717334499612,0.015512394512768424
-4.5520505225874786,-14.772619629628025,-0.07924930699294919
0.1927284934457063,0.15046636052534268,0.0489101666215106
-9.8490711722593,2.272297619827441,15.004426337809491
10.152994069414945,-9.886646088969428,-0.031580797823210105
7.840245043593086,-10.231590037321439,15.108433302845015
9.9861911493349,10.082446108252043,5.844555513865856
-9.659707630025878,10.037158109422307,4.83563159866771
-0.21230683165001096,9.605306769983144,-0.29301880505471445
0.19262612315820604,9.919890293938806,4.956767775050949
10.362915335488196,0.5164312143242569,14.96682017405442
10.496757028693082,10.300768008892192,0.01093565611364511
0.21121440487353205,-9.95544420092483,0.05226038232342489
0.15312028150578527,0.0418770350468094,0.027504660943293402
0.4162049163499759,-9.796715210773982,9.950065782448291
10.12103734800121,0.1302154021602746,0.10146586931182355
4.370716035110149,0.6193711191799594,15.015662713509528
10.257375023336408,10.063260949507821,10.415478503648956
5.236959622729955,5.138215830171248,5.2186090739837
-4.84746579861735,-4.8901340841985075,9.985536854846373
-0.18837985029932725,10.59471383455093,9.96510140893895
-9.489867761892583,0.7620918385800906,14.950276965495732
10.465318860301522,8.17439658260264,14.979491542315827
5.4532267960235,5.118246218407876,0.2940080359389867
-9.83575994674311,-9.847091691452079,0.015009667185665876
-15.139606852849283,-0.015108730266774728,5.47061486971009
0.0878541532606647,0.24305105968051066,10.046590029165259
-9.778231124328158,10.095059622835834,10.297255393660748
0.25272265535321026,9.936434750066837,-0.0015851339149435262
-9.73140649956349,10.041166628623614,5.071419263843019
10.157928982655449,-9.897210940951481,-0.024933158787860066
5.474195592838669,5.112875496794004,15.065253944735787
10.346806572449623,10.010347883595387,0.038349893185966266
-9.842064084466529,0.10048032800386864,5.02054961742099
10.077489081820659,0.31667710483998235,0.1247757996915766
2.0635769838182227,-9.952502374508185,15.019846508711453
0.1670427201970881,-15.049461623420939,10.218230017354585
10.247880103559055,10.071507658605697,-0.03219930841299856
5.5476701753775615,-5.375210331316339,9.904936706185026
-9.716462188596324,-9.869502447516425,5.082657101831671
10.220416149979883,10.214550650649471,0.00010662152948270887
10.214596945927497,0.05338473706831337,4.973251629689678
-9.674073280646098,0.9886486457962746,14.979319967118272
0.15553356830977805,10.06246169548831,4.871791858938664
-10.02205597787679,10.336267953069182,14.898062913417334
10.5108934564646,0.3016318560739819,5.109938533102039
0.37665693908085274,10.760041008586995,5.340679352835622
10.499289686479187,-9.731465255870717,15.011854464019734
-15.153504888858151,0.13422024503552166,10.094433713012222
-1.2409584369370918,-9.712994628178421,15.08888452876272
10.118076807564194,-9.973823981097667,0.048102083435821896
11.100602344718027,1.8011785884555138,14.822596222677248
10.16168110599665,-10.213685930677457,9.91907786197794
10.186805967750843,-9.877676682750462,-0.03964483210830849
-14.777994055650652,0.10586742960413176,5.541557839387011
0.28983611882745564,11.52389001447591,6.364534847065244
0.20028059835690115,-9.882261930586537,-0.0035954433100755523
10.119699705333005,0.22139970817511312,0.05632119530332602
-9.769904731695078,-0.018736857379053617,-0.0743312179385498
10.180126923323769,0.10408278463114584,0.04945398800816747
15.902406386364873,0.04692512116923808,0.07853118468756293
14.876531242832698,14.903166631731438,0.02906503537980143
10.089822289849053,10.084854077897035,10.03370629160338
10.238263950363944,0.33442251541328005,4.9961895013532285
0.2588420378687495,-10.201960476115346,5.0206860601971925
-9.825536607690992,-0.12039085355627321,0.04396088207664661
-9.850414927536804,0.04767317377559266,5.193908019701041
0.2597920790262265,9.987589048832888,-0.014693239042856021
-14.595119048187826,14.970000804052688,-0.009460795430697999
-9.783039710309822,-0.01698412706309682,9.909779806079655
0.3390846717485019,10.552204340754542,15.067202463063268
-9.75423709529423,0.034226624440862,9.944173434230152
-9.667017291978937,10.035566746693803,4.765964232093069
10.101145898574941,-9.991809748433298,0.33764932727240193
8.89340127180958,-10.203296649182448,15.12625912599242
-9.594881370876465,-8.740286154294154,15.024560627251276
10.318455271753919,10.043514373508515,0.03579126305459113
10.338020715350922,10.266973752412014,-0.018301117497742325
-0.05613322975634105,-9.848605476523517,0.02050547272693848
10.481476524214486,0.059223524369258485,5.048083724665204
-9.820807485630212,-9.94502735894639,5.257834703633179
-9.868784337247689,-9.906053773098392,5.019893499767576
0.20063928436035994,10.045150649617426,4.8591370257869855
0.2915778702351446,-4.960937476513209,10.012803513252265
5.03107318817797,4.769142678575008,5.069963424295231
0.348940872204615,-9.783937354048248,9.779391054723533
0.084795301690761,5.009391495681484,0.0016711953589378936
-9.424450617177627,10.264686232287204,9.635681828939028
10.190952354391811,14.942082034336636,-0.002357222303942308
0.23897755794327402,-14.12306088625337,4.894008559852701
10.292584671665281,10.204511489369906,5.172076500606167
-9.811396104846608,-0.02199967251635826,0.20661326948913938
-9.612236087443762,10.225555449607782,10.26750209471686
-0.14535249304245212,-9.843666025437415,5.3377427773390025
-0.17720924782494762,-9.857131873490289,5.343670145494755
1.061280084541636,5.3370356265077135,5.074013663803605
-9.888320236566415,-9.770736903243233,0.001319046264654844
-9.842867892589311,-0.0142746189344507,-0.055091999107787615
-9.835686595431525,0.03668602277730315,4.927794513346996
-9.842757865621934,0.09006059121770704,-0.031236447601543205
-9.859789632664615,0.0908087833809077,5.230851804207859
-9.759844395557593,9.90735231549479,0.024937032112745783
-9.941783155029498,-9.935115792497527,5.250506987907869
-4.8880733903411056,0.17313666042468867,0.14874983407025866
10.099289702884562,-9.843066840112442,0.009689636234895715
-9.781019492936593,10.079764575290028,4.941485284246326
10.457284854146565,-10.013738706416916,10.556884662358584
10.082851877712073,9.94337080506375,0.07245406317974812
0.40254987247898555,-10.147842915001092,5.598075144398848
10.339260556270347,10.104793577280361,0.03484639964148073
10.05696293979554,10.111549978755647,5.734255458542378
-9.99854178867281,-9.961243130790535,9.472110974297664
10.147130039561034,-9.89746919288882,-0.02232893524734436
0.1464199702921931,-0.05825922061922029,0.044301032905366355
10.393304172616809,-9.974179205106338,3.825985762828452
10.07236875276476,0.34683376029170176,0.14709407342252234
0.34887751755615426,10.226437385077588,0.12101644313395354
-9.984019247747256,0.7447806651143765,9.936072805235085
-9.78995612773133,9.806053248263197,0.03773258242273414
10.303422327951921,0.1344675876148358,10.084636529266504
0.24308576863306897,0.11027614999193247,0.05117543915986289
-4.723093555984406,0.11439060480142871,-0.0422334579035919
-9.851607905118271,-9.868921635847073,4.957893437328266
-9.791110392120572,10.361512335133739,-0.07598337910661712
10.036542749664932,0.30296707217985386,0.08232203669228966
0.3468528749084854,10.034676645154832,0.11555753225928811
9.964467954655447,9.853902330534765,0.08947180314146408
-9.807577761571338,0.06225908912574596,-0.10277730584931533
-9.361453046976749,-9.726730977272382,0.15451110123711942
-9.622951491544427,10.243963811022695,0.07042305677651939
-15.042476472324324,10.28485846464173,-0.053555021289128035
-10.396688632881705,0.22819607873111636,5.7604719687548425
10.24791576044663,10.202376062283292,0.07837550719187902
10.507247285017911,-10.065985216933768,-0.10121573158625097
0.2662682691913254,10.01443398045376,-0.0007404560192867393
10.038464146521164,10.052092829166213,5.036067536692713
10.290701988001274,0.37439679561975936,4.990878469101631
0.2513350691650196,-9.779325566487387,9.708777062490526
10.306112894811577,0.05658610333262004,5.031977028005542
-9.738445169170973,9.678453313768841,0.13764603920469654
0.4845379030464514,0.253978599968832,15.007442701772106
10.412667900106953,-9.97158239511191,5.234666802722032
0.505589156414139,-14.673720365972258,4.966870277160673
10.165461754847911,0.07791215181714506,0.05286899434412362
6.022396807649102,-0.006570132044316779,0.014862088519237204
-9.982054043857715,-4.649832698021783,0.08447722514409861
-9.869994633888837,0.17105680088684494,5.242484797573923
-9.728910517433178,0.19502153439430003,10.061269907081964
10.083145282958412,-9.914868024003226,0.1052513220970468
0.43931541864818513,0.08880099099837935,5.107708917909157
0.3012197950824813,-4.8941691431246,4.713708148590619
10.16403140427201,0.13285217326074417,10.109865282266469
-9.055043224354904,10.259836607961915,9.681679579629076
-0.04269879695897316,-10.006501527619548,10.203589733714239
0.19841341907168797,9.908912034705281,4.966111424358374
0.14611094128015978,-9.91581324650906,0.07647528188329034
10.1570406167707,-9.913364446518244,-0.030961087406865317
15.249263895113927,0.5535724427072637,15.11486677284006
10.132008462924205,0.14128150246006044,0.08116150445567882
10.008861798455655,9.983039527549408,0.2174072091465291
-10.057791310605353,-9.216538453300018,10.649402088290685
10.213250134345344,-9.816905816784129,5.545940130894849
10.083662817212371,10.12648776077549,0.0712239410028701
0.18951205116731984,9.7324881934328,-0.004958446278067186
0.049469577458225444,14.630232102033915,4.891262231854419
-9.820776922583718,0.06870853332441129,-0.005489369529243504
0.1847913578217053,0.15866010181912316,0.04292123236558609
-0.33208398391565197,6.200296316892491,0.28870930190959143
-14.535871563791716,14.959422682208242,-0.015462327865463976
-15.044898084374836,0.23443824113996925,0.10979746491898368
10.079401309762943,9.844180625193985,0.10111282034762326
-9.032242172902443,10.278367460414302,9.750737396818522
-14.799498215163567,0.3393283133627847,15.04413939699748
10.260597387205053,10.093714262940921,-0.023263000221447783
10.262342537159839,9.993701351602795,10.45581727238607
10.133927822244004,-9.890577030513668,-0.020876545200906094
-0.033440167734823945,9.946561696589924,9.614076552139181
0.5107426272735793,-9.842114472296089,10.041937701693087
-9.837267723703462,0.04160867121913725,4.992182530590043
10.142491587871518,10.04856917032157,9.777143779583525
10.321103050348484,10.240843351843068,5.236791245618335
0.3926983838258735,0.13033138586138193,10.184391308986392
0.19525879533031087,9.798790550499689,0.021775489136814485
10.225846184573584,10.163375936710509,10.037642922534701
-9.335531508477288,-9.885753945913166,15.06053742654285
-9.95061180039329,-10.016287540755002,5.097140808106417
-10.046025556473523,0.15680579804325134,0.0791649930659446
10.172853937026503,-9.90414801670704,-0.029884842985836713
10.1641546752262,14.978918151580729,0.013770846266254466
10.23633134705733,-10.16794267349178,9.911694729263559
-9.290202435454376,-9.969996136176633,10.200546973567384
6.730226267375201,-0.35896167104419874,-0.01696151114759914
0.5189722369260963,-9.81066591918352,9.990507736269251
10.461416978032503,0.012937578457240306,-0.025090935980017548
-9.85445841858791,-10.005074507032987,0.0718955439177762
10.633521567910975,0.22016636059220218,5.016632671144109
0.1554592778212438,-9.822319920640439,9.789107250176698
-9.798387453490705,-9.827700339461444,5.232158190360224
-9.886636212704616,-9.843975315307034,-0.03825723269591208
0.41894213961029436,9.395780746592209,5.298632331038931
-4.66857417488086,0.1349058040862019,-0.10540192644128865
-14.21393265724646,-9.805454946297687,-0.052466778602536124
-9.84266108264137,-0.0336234818464618,0.22038757831245448
10.197665018170028,10.022080483468017,5.216222993908957
-9.899365721569211,-9.98939157120185,-0.0132348498636361
-9.91725427268193,-9.82500451587839,-0.027625569580266074
-5.3944414352633885,6.650345741465571,4.642223007288557
10.075453582924183,0.33662553586145805,0.1475689047821902
-0.19492811035661362,9.569174976204522,-0.2842546719739971
-4.6835439550534375,4.95596345703234,9.866809217791229
-9.764268905921654,9.81603218478267,0.05066701265661777
10.087320195109442,-9.961117577477125,0.22272574031410386
0.22419312593351393,0.13372868595024556,0.044428214520337406
10.261094546094682,10.080155525851296,-0.03619113136591068
-4.424026505282654,-14.614355084660929,-0.07473076018180791
-10.095250399156157,-10.022035432688426,9.586625120443614
10.162750812623926,-9.833143024559831,5.860507057953953
10.604100560587995,7.075116588559467,14.959952366845982
6.159357459748662,-4.329431870544795,15.293938486719298
10.251382628687224,0.09571692588542646,0.009620646207906702
0.22112963817231268,0.1373449307939154,0.043158798023739564
8.873772664583157,10.11329037224641,15.343844072503316
10.091461487909328,-10.003030948224477,-0.022557502206325353
0.3905204961528952,10.203291682788404,0.11778231065136424
0.5362455475455974,10.072393677110085,4.656929281389502
-10.167545248100396,-9.990684872405836,15.022397339970212
9.651239516360874,-10.061815417866455,15.131418380184641
-9.772574923190405,0.4512170178722954,15.022009795992517
0.5597287120737349,10.191851019888418,5.101325690651159
9.729099896071602,-9.376960882043932,14.95124882500636
0.3191402463749782,10.12320295945392,10.101587078941066
0.22572214978256788,9.851840398070635,-0.026455138774565512
10.088025182715228,-10.004809109785128,-0.019438553073143794
10.280171999716003,-9.803776819084305,5.311909536722126
-9.64748444896486,9.789612909517018,5.005255990726141
4.914412002175368,-4.611906920923502,4.612943939791059
0.541981690151836,10.419753761176253,5.099002638965203
-9.830124120969685,0.04394022750989279,4.926982605714159
10.104163490032079,0.03722690523932215,0.03567487987862705
15.779872001594413,0.35920854494725063,5.25944982015632
10.299975835075657,-10.07516489943373,9.988628807882037
0.1962809063799753,9.944508950953605,4.925052047290443
0.2203353730424329,0.00856302158535982,0.044894947050750034
-4.75770824367487,0.07416353531129971,10.095638938788056
10.07756650820511,-9.989547747274628,-0.015267955963338409
10.49263203618466,-9.881617831881158,-0.022645689458215656
0.13161811177454297,0.15368938999949933,0.01340549907985178
0.08365635066127197,-14.551184415118769,0.10222715926181536
10.245130448142845,0.3506090999399021,0.0651831142483843
10.082655255446298,0.3218313299248621,0.061482849148660534
-4.965411651340901,5.915413296868792,14.968564721867324
-9.51332490007644,10.176188499230193,10.05314228198938
-9.739380398393678,10.157012527313782,4.737073233497384
0.29647537558020076,10.759424470365047,5.284529344728341
10.481197381723177,10.288672018941725,0.013501485204358232
-4.690822035191786,5.753806277716649,14.968439939905466
0.1975301231506421,10.098239286016906,0.17194098162093496
-5.404244023042111,6.7517923083214555,4.637373870766567
0.5326075580811462,9.991527135687647,-0.19959790972569635
1.0664075449750499,-0.9774443425158097,14.859958821641385
-9.726096679619332,10.088788081717212,4.668783567766049
10.151775622628065,-9.895604266843293,-0.023475969435196475
5.645539672243558,0.12151782077876305,0.04664609390971464
9.529845133224626,8.771391869900981,15.077601359826986
10.56972426466018,10.393918359855888,0.0005661551005573529
10.269336380965797,0.5868702914985988,14.911475774490555
10.261139371896206,10.096667317702668,-0.021589842088644673
-10.018417956575831,4.80129249287711,0.024931632893242295
0.14079800931746433,-14.509791631280677,0.10448223327443884
-4.608757199051752,0.05570562324135153,10.13754108152807
10.00901257615169,-9.862652136245742,5.743101179828926
10.260582105681806,-9.73329649688094,7.941913375507909
-9.85101090694343,-9.848664680524962,0.04078554109531751
0.5505536218433349,-9.897236459917622,4.9871908021807485
-9.971366146498895,-10.023723767488264,5.143249842709565
-9.830814845820441,10.229216910869582,4.932306686079556
0.6540679860506771,-15.18169784368365,5.035833158073849
-9.924866508795276,10.004048781993333,-0.0578989933363232
-9.850639056544424,9.836397340521216,0.007244389713093824
0.2585895902883628,-5.059026257804362,4.975437076267454
0.16571671377210606,-9.918439658504212,4.794401321304662
-9.863015052837909,-9.900423268409213,5.241130043413506
-0.08716064353762931,-5.064738933564513,0.04010763909099069
15.628278272217813,0.05964001383335926,0.07840760255226087
-14.689597575045354,-14.452477054088376,-0.0026745764280917683
0.05605836538862263,0.44827834942771005,9.975247142299281
0.05325562259738348,9.996814665471902,5.072483772460544
-10.026255340465013,0.052206681907819075,4.731877572068093
0.09597399063785872,10.022824616520666,-0.20702543602266132
-9.801562954021392,0.06790150798224204,-0.135650753752941
-0.04337417661346876,5.170559078236693,0.016480054630449104
-9.949877268509226,-9.94329104849021,5.282877183560274
0.44444157378482174,-9.949357417121064,5.210832848093801
-9.799915605815386,0.07324974100720283,-0.14074881679079
-9.96651171594749,9.663619649130851,0.25900609572443045
10.40352954920536,0.04048157424415422,-0.021577843823081366
0.33667757714507474,10.194796929339645,10.064934177384998
-9.753608515304677,10.203731629764661,9.389183162117035
0.24453839282501555,9.954869651206536,4.921869057414817
-0.01770427386347251,-9.81398338478175,9.849033187445912
0.3738609456290476,9.880310377455316,10.334389425665904
-0.11142891224082518,10.762246868020156,-0.3028603823830167
0.3232948309164385,10.744096758542582,5.282303816444667
0.14852972784069607,-9.89596765692113,0.04154683104530932
-9.456234147994564,10.267348370834952,10.126011948148289
10.3771251145713,10.040715453302255,0.03826950480669211
0.24344581564719192,10.195412446802948,9.930056274968365
14.993036557298183,14.820850613032235,0.045813414279621156
0.3580070179088679,10.006712962058373,10.117305406742275
10.079116054662336,0.33571884699449583,0.16325933661596537
0.9710289363982838,10.954870148998452,14.967498076058746
-4.467112760077043,-14.651750577642815,-0.07651610209762794
3.6330353931816717,0.23402971439077191,15.046726223052929
0.15047010721408682,10.331306045292877,10.113285987778568
0.33426635971402163,-4.268533409747761,9.983297378578982
-0.3110964035614927,5.99142459979339,0.32295775104677205
10.287079248223563,0.370014072678714,10.29978882743444
10.263304254356171,10.20859044091776,5.24820467072459
-4.750471423649287,0.10238948958226501,-0.03846180312376646
-9.685450884087459,0.055462072620912295,-0.07431801984643016
0.36112744128285357,10.24678722943645,0.04614096692949943
10.359454579856902,-9.757991710794158,10.24369453627287
-9.962012835503629,-4.899929284161772,0.06165112482318591
-9.822113546483706,0.041986507424212505,-0.06264310754005464
10.379834019258851,-9.890478016925044,-0.005914708043462724
10.169585728588117,10.051715148467338,0.09190565131098083
0.35949207952164386,9.455851372127654,-0.13922323732441555
6.368064354107901,-4.535862953722244,15.263323712307965
10.362323431154437,-9.776972717809258,10.215379229456744
-14.544360959339429,0.14640846212455472,5.5262803728560925
10.163560733356007,14.958367217768682,0.016968384038875683
0.13584023746510354,-9.768047204212053,0.02482304858989437
0.21976651436000694,10.258714794210391,10.079530667356039
15.483544928010815,0.09287459153802047,10.041536959623272
10.181587836946164,0.07214980179446684,0.04995041624584928
9.629103720553758,-9.288669342233334,14.920239307657994
0.266005896579955,15.271866696042707,14.8523615198867
5.613845793029668,5.05507452810707,10.039577642856784
-9.869508681449588,-9.84150303786737,-0.00349165831295295
-0.35065409096517897,10.456340813310817,15.514707772910697
10.284704499511008,-9.747247205290478,10.506050410819967
0.5339169936043575,9.951932928583119,-0.19586404948239533
0.44856586589009595,-9.95153877834673,-0.00857532343212597
10.410265644652554,14.716737314214697,-0.05662057814055288
-9.887540878880827,-9.895455236081034,-0.07748376221530862
-9.741214181183295,0.1690393511705679,4.932243620196189
-8.715538716221545,-9.355066629854264,15.006983168201032
0.1899871473577619,10.165917625738075,0.21524932108496841
10.173343964538617,0.2539647878284086,0.09049495523737505
10.181458453382675,10.046676683792612,0.0832210067396204
10.11339454884137,-10.019688708562171,0.06537898593370528
-9.913379897154755,9.965995920443675,-0.04499725837609958
-9.839959309331334,9.791131798381684,0.02397597104112492
10.208601494973664,10.043822642619489,5.14491602685051
10.073122641244936,0.33025265254855185,0.12004728323307745
20.268381385012617,-0.0060755106831038574,0.04528968998778282
15.558678065206095,5.12201230743085,-0.02791112830067277
-9.60064046760408,14.924713825981598,-0.009207032114034064
10.534405608132147,10.352022342005512,0.005283273206771355
-9.841861349591454,0.06086012345258496,0.1323323073433471
0.653336510471263,-14.438728455890669,15.166243345982139
-4.609212588444507,5.018983054294949,0.07770720380000284
-9.858178960114401,-0.04296508218658346,4.942740827748366
0.5569662583818058,10.05772639613133,-0.20509911448647244
-9.876916145151426,-0.04442334755731281,-0.013484413787352878
-9.9052531830921,-9.959504778817063,-0.018196132674063392
10.155530802273915,10.125833454483654,5.679188668847985
10.203300843943452,0.3283445675515395,4.978987438036796
-9.786064433144475,10.084910219622543,5.071861099972388
-9.82806009656315,-9.970497328671627,4.870966528246228
0.016669968609654973,-9.820867381087737,10.534794055716702
-9.531381547944875,-9.66005298102391,10.45200782306972
10.083794238312294,10.124186970788287,0.07029947464121733
10.152384846021505,-9.90640287255519,-0.029724066227288404
-9.873570510328591,-9.904190888570156,4.999152885474466
14.987609579009131,0.4292089191949344,15.153681161937357
0.3923825975152795,10.196576111658942,0.14094406245141045
-9.84683905109705,-9.911232081707567,0.046625696858257015
0.434653503453184,-9.955121641192818,-0.0073844955749677865
10.014425291685711,9.967172855162062,4.993005161672727
-9.714580523700533,10.087448846374173,4.635886835728314
-9.482949306934643,-2.198939896792581,15.153561179281724
10.22842163062478,0.09473266733607488,4.948796127410688
10.242378755190202,-9.776428653451148,10.431994716110125
-1.8114653271547354,10.371659696829738,15.412465752739536
-3.6127044575198397,5.895588122453773,10.43001800185857
-9.935081697701662,0.37601830262701696,9.743530038694644
0.3028664588035923,10.08934643669636,-0.031328834246380666
10.274028827370785,-9.795563795021735,5.791532178775213
6.452827907253322,3.931804919564456,9.207444533759713
-9.83757029786375,0.2552019792055944,4.982296259722517
10.253402846060453,10.164419152046321,0.044155853892050345
10.127862076283236,0.2416102907509412,0.052763709563805605
10.215131799241135,10.032176807231735,5.1565041766990305
-19.991893915926084,0.3243741035084895,0.04354394234832171
10.260822534980889,10.090442731481744,-0.027361607737873328
0.41272868817639363,-10.023893213423435,0.07055143821804677
0.11330642165042093,-9.868964507710189,0.04473357037892356
0.08902366733664735,-19.85618142131716,0.01724014475388458
10.006975039718782,9.951268414704828,4.990592572930005
-9.697209506841773,-9.765757642569952,5.182937255604912
10.065700914788067,0.35932928155580157,0.12910657364665212
10.070572664399151,0.34213134850233473,0.12680950570455707
0.1696221696890099,15.391934452491114,14.769569888020214
0.28262317618194643,-9.498372977628605,14.884298503163109
0.22431822748684382,15.04855124410824,-0.02592841491633635
-10.07628093496578,10.636965076409979,14.987200427940252
-9.744349949753541,10.215230475907447,-0.012263590266286428
-9.719305570688448,9.7491796388058,0.1124826767520517
0.20698666401909094,-9.91013884919812,0.1022142611263348
-4.291181676777569,5.754813256120542,14.953175746455827
-19.995086735516452,0.32038536150594155,0.048138078232511816
-9.900292800646184,-0.3230332634257138,10.087685888459418
10.186681678028435,10.151799512910657,5.5989765140992915
0.2603899925006381,-15.057109147193842,0.07646268370444886
10.224321088553552,10.058160218555713,0.06714903006093209
-9.721894260726458,10.142638204066316,4.686994685216355
-14.796755691124872,0.276772969891681,10.014215109195789
-15.244138584466782,0.2953374435819569,0.11417563202303427
9.963709991102405,9.917279193323338,0.23630597719193247
-9.649796034047995,-8.077465714595746,15.033992463810591
0.3123018841089298,-4.637381484062644,9.986668891202271
-9.711237945182347,-4.3561124600237235,0.06300362930880965
-9.723969491583375,10.140511963807512,4.828977248102561
0.253788167520721,-9.102218588785036,14.907714318236458
-4.908713125022359,0.18896144980885765,0.15248039479052977
6.172753243026818,4.405937868432375,9.559254677040599
-14.8340181574099,-14.40561096239253,-0.011171748100025525
-5.057334088743346,5.85082275205059,5.090132696180049
-9.818173969790678,-9.89411702149664,0.02167230405297005
-9.813265544523802,0.048709048421301304,-0.08737753199881126
-9.27830322268619,10.233364253246691,9.823117533742447
-13.568997362747268,0.2778306353420703,9.170552266805657
1.5660382209898671,-9.809938118269201,15.017997575988147
15.082371323430834,-15.035387403215282,0.088720411760562
-14.709306664960877,-14.411497677501757,-0.004348934387451209
10.240446151883589,10.200059960916406,0.07915509449685487
4.614783100802242,0.40119352829333366,15.005935719617355
-9.473234333222535,10.168899261741899,9.830371085188744
9.98681769178802,10.002385966159636,5.029397400909431
-9.784220462672693,9.736662075534696,0.10157475357181056
-4.192456414609751,0.08807657932175061,5.269631248356703
-9.013072011373424,2.6587422972443164,14.990559942297978
-9.859115208105322,-9.92555128398817,4.937610669350136
0.21553747218835184,-9.97430884145433,0.063218998175671
-10.43396638068998,-10.092634162894683,15.018727070534396
10.13538567956175,0.06439652184360511,10.096585601941001
-9.725203219893501,9.71904480207013,0.12167334817354458
5.175144333044273,0.35099644594720303,4.903387004130259
0.1696371806019492,15.121488532371586,-0.011567690863614644
0.5424086336257972,9.902856894419529,4.667075652157692
-4.763095490003479,9.854442311858293,-0.0008760364201521043
0.15256943034749781,-14.8814202521462,10.143203662960673
10.180833948465988,-9.903432464896468,-0.0326174479678798
-4.642844674190201,-0.008049713726450136,0.1385342108130203
10.092074786375633,-9.84802568561281,0.024012565751093007
1.0472712574892284,-1.1231812442201772,14.870543691521334
-9.698442216383683,-10.146771118423203,5.120183627099067
5.048097314459028,4.889894853695296,5.188518623777483
10.213158445205863,0.10607856715023445,5.069337339800306
0.6319723042420833,0.416110097672572,5.0483171659195705
10.322973508793893,0.008276603089143464,5.04670519894114
4.917556939659562,5.963803381222533,10.59934532436057
0.4316030089663059,10.762459185818443,5.359033924548569
10.37789224703829,0.11248842904001322,5.039134780800232
-9.77886276062236,10.114412185997935,5.025976545419013
10.151037015671136,0.06437213528158736,0.0416008232403442
-10.071662858640593,10.928171185863903,14.971723865190143
0.08611336490730537,5.000596639190917,0.0013520414949539372
0.03003399497231385,-9.797854377422482,-0.025998604769881695
10.298579103850898,-9.810302529105684,10.133988395094775
10.516426386648163,0.05735495788371736,-0.038809152911824185
-0.530791349865325,-8.769399211625569,15.019610142879856
-9.733934063508514,10.195182776107686,4.706978996338599
0.3035128592778058,-9.921923507761676,0.10780815248858744
10.178650728178127,0.3075263225691742,5.045636378446929
10.081379757639297,0.21086260806873725,10.140481256504358
-15.097371778899742,10.784343230421655,-0.21872794433983245
-9.679599079452146,10.0654627259064,5.151443008327789
-9.896994029161306,-9.957634748978307,5.040442479262893
0.2659854257061056,10.007121265516616,4.896323437720241
-9.835425790768113,0.08263556093083935,-0.01988248889898614
-4.236960285377336,-10.44580848820624,-0.030082214454353107
-5.142186274723599,-4.826808259342215,15.075988792935277
10.316919988051723,10.21632472917554,5.303506476445705
-4.700190627710299,4.854309676171397,9.801072520509706
-9.128622740020091,10.241481325996574,9.673603547078415
-9.860844057768645,9.719477603735868,0.09156400069906567
0.1969045517109791,-0.022346283873957873,0.04675347838650623
0.48498571535059654,-15.72522732426296,0.03580086166704177
0.23125322946917493,9.922184959374135,0.005261076415479238
0.2366890981027403,0.08189228116862068,0.028063180205265326
8.709092857466203,9.94180189902545,15.280172876638517
0.39423866585963196,-9.950666029704735,0.11020810555788785
10.160519710229892,0.30636138176487293,0.0735654025275494
-9.734946719115669,10.106615631462773,10.343550701336767
10.086998264353042,-9.864266976423096,0.0391885719488414
-9.815827746588184,-0.00353074343024673,0.14126411618531165
0.04788205004842894,-9.810552614973858,-0.019512942319636295
-9.624250421020406,10.15139427172835,10.236848925855725
10.064797267380072,-9.886554220691323,4.975718360605754
5.592312089238476,-5.448613595901406,9.878836879105165
-9.698907793458602,-9.766103679750813,5.187625952819573
-9.732876582099834,10.152980530663626,4.758003195418915
10.255802045210203,10.179602936899755,0.053787761529633826
10.218092339678151,9.98186055131373,10.28337100075089
10.086725234471032,10.02704034972703,0.1517790961683545
0.11804262733395632,10.360801887116395,15.000645684330493
5.379600417020356,0.19436438911748155,0.06880359088211208
10.258929663634717,-9.859611296240473,-0.0033800744432141983
-10.115056272052243,-9.837331197282765,15.003732838059932
0.3887410901168309,10.137207768071676,0.14885391902402034
0.06030685170678396,0.00687792450435154,0.027310888954446
-10.072344414577401,-10.084145533997798,15.027218243073548
-4.901879737210493,0.17821142582874927,0.15084773080400282
10.195777240664938,-9.9339827504009,5.1556667727518715
-14.128310282494567,0.17408341406849104,5.136152118737272
-0.10898062119764518,-9.973498359089717,5.122322992838164
0.29312026939660285,0.0622739579108611,0.056548862392389765
10.277312317332417,-9.79232186556328,5.9099954040530065
10.122883356009424,10.031476566800848,0.12354237799166867
15.591690230492077,-0.05265871666460953,5.098462004617836
0.059225811283099006,-10.140460788476048,4.971871866644477
-9.800309869115154,0.0807248044170592,-0.12506888343938272
10.217996575465804,10.057006761286175,0.06905615437221968
-9.819340459398518,10.197004830290098,-0.04251061783810428
-10.051930337056092,0.17140353983927525,0.09581558610142338
0.3725489472670418,10.171524652978405,0.08492925979919619
0.38288793242998054,0.06242979107253177,10.191295110991518
0.5741554887869427,0.3532231033377684,5.011699659246915
0.13578348889179637,-4.933557667362038,0.134440102646181
0.5263334421836063,-1.0263879332451324,14.857241214491296
5.446427027562777,0.056025268228950154,0.08658532040357159
5.435887870363558,5.432190237072064,5.165137453695948
-0.02008905107565795,0.09699288216711466,9.504818246223238
10.248822464159275,0.0780883124302818,5.0896490160995285
9.7288706732229,-9.286012307478813,14.993620699843177
-4.352644472660359,5.9729085483413655,14.945436865167494
11.128313858973797,1.3715745767694898,14.85135726505905
10.252532818003601,10.162514416413615,0.04343295839186112
0.2621895112498507,9.988970135280397,4.901523973444917
0.3544633281774523,10.230283603654243,0.12031604438169552
-15.18293812139973,1.2031481242956943,15.041594564871502
-9.879422314963904,-9.942399926192593,-0.05810956289695923
10.22829224706129,9.986159986729035,10.336369739397128
10.198414831577338,-9.808375336782774,5.5587175338281725
10.041698735608406,-9.79930997925112,10.449027453903796
6.593217223785359,3.6289940602582647,8.98121603673701
15.068002616505964,-14.996011638460914,0.08978045852308014
10.267342651566196,0.07752715833953516,5.168376010538964
10.143099792496741,9.989167141699,0.07918509016076314
10.113875407439537,-10.019584591180319,0.058295209945129045
-9.87622847660532,-9.907062282640254,-0.04277038028754987
-9.83178369439429,2.1954277312870545,15.003008142819908
-10.203492484617982,0.2279039025181646,8.589230901043948
0.5354902900956304,-9.824784032010939,10.015513321529738
10.113215245635274,9.937096201669192,0.10030323737873914
0.385103944319809,9.767330769042019,5.030672816538811
0.28227461418763866,0.1067482007711078,0.05832250599928557
-9.708462820560726,0.037799790079816376,9.930388626924469
-9.84720682642319,0.03700408479153339,5.176170983718805
9.80621351867967,-9.872175814409275,0.106318867775542
10.486435887892185,0.3157775293848317,10.32367197495148
10.047829682735028,5.1683322932512965,0.0179198464980459
-9.802163008500884,-9.657435755856568,5.382738747843675
-9.814286350276689,-4.904902930662502,0.06165802382588481
10.115080610239602,-10.021260676876409,-0.03124484638743752
2.0017987518264135,-0.8951921212319576,14.877029953884858
10.12338458997192,-9.853349962708307,0.025172798031064758
0.36025123694368943,10.282066689745989,0.10700186904273323
10.3695281599812,0.3371915784291559,10.308738933631389
-5.098114871063899,9.925070644065272,15.110676978505353
-0.03731116859228223,-10.076372456911486,5.089207329948479
-9.933194938964789,10.018920214701211,-0.06218357396898
-0.6056384678838356,5.001514811592642,9.822087482643838
-3.6521840181359266,6.09391131970915,14.898415662424895
0.4020159105875365,-10.169008345517796,5.608261521883776
10.26075325874217,10.145171727024717,5.178593658503516
-9.825338966657,0.05940015548833344,0.17330488445884384
10.117434983587827,0.07565260685896646,0.1141006428632636
-0.7362647375785514,10.39353455460514,15.489024285645883
10.480720598197877,0.10466632364000361,10.111577434762353
-0.013818564539889167,-9.865178513893625,10.369374568308672
-14.776551479856153,0.25929254188304185,0.09998888282098051
10.098461444324585,10.067470558162313,5.052763610653592
10.083774881716181,9.76166760007618,5.197183546199824
10.206567014845405,-9.82905182390823,4.834511298115316
10.280318702339173,0.07618517173295913,0.0022825069893883665
0.43780129030473347,0.20171106022894492,10.16423002344709
10.473630990179572,0.15604888955817842,10.11192178498402
0.576935325211565,-14.83647012442816,4.953012505402533
-9.74466373036421,0.02395708271978947,10.036166535957136
0.2543532575566587,-8.89602125933743,14.900965293857098
9.917298986233618,-10.06572900651372,0.15828665545325293
10.200750867097668,-4.810928827471798,0.04360693324252907
0.13486527628195688,-9.890367774991319,0.03368616736150898
0.41924974393865,9.995648959098617,10.341355018738682
-4.719032236489511,9.928844388778089,-0.023445373858010043
10.427449208159487,0.3435022592620953,10.291448233128108
10.391257467269952,10.050335082778474,0.037752379560913596
-9.973928348563277,-4.636644496320514,-0.03645089381535627
0.284001259172868,-14.113203420012724,4.871921402712168
9.931302974136997,9.970419888413744,4.966160167312225
-10.195319925985586,0.24513713946635107,8.82703472476885
-9.866127389739177,10.22561873664381,-0.08058951325637054
10.08782041030372,-9.86344322419609,4.980959952895404
9.022367140330516,0.3927287915284978,14.977534625202452
10.048420568300571,4.957051585748559,0.02345044700945209
-9.757101871518898,-9.796649882220663,5.218967672145723
-9.828497148128008,0.15340265251620622,4.963623658982982
0.27968922718720535,-4.910900398084777,4.629017528736682
-9.681050824160593,10.06170837560785,5.183096832536904
10.253760433704429,-0.016621996984213183,5.0445600590367405
0.32469963269566193,-4.464677287294762,10.001470551514444
15.394650269747672,0.05127126825459527,0.07919738838296553
10.979041902362496,10.632818754791515,14.81255727388043
0.13262681965485967,13.235572626814246,8.82111987980278
-9.596289308551604,-8.065474352406454,15.03372130300886
10.249100587882367,-9.795512757089455,5.488121239036872
10.249458175526343,0.018417728587792226,5.0243303458891475
-9.873173190724174,-9.908877191512147,4.961896246193085
10.123025983559728,-9.8485513763153,0.011198418129481524
0.18934490154768113,-9.885770278051496,0.11156570930637599
10.490928655726748,-10.012629141769139,0.11947526592234681
10.099708416621525,9.989732641988667,0.01721434848292347
0.25314659027728226,10.037712381366873,4.886627451845634
15.073175921509119,-15.003504006919684,0.08945860504934444
-9.830079295168161,9.685278106073383,0.10962349006831573
-9.620591005586903,0.09520780656157513,-0.07827564774248685
10.288983326020116,10.236162152694305,5.219178541662998
-9.662663076621811,10.033201648911927,4.8485243349287614
10.149236852232661,-9.888897882541642,-0.022221550770552767
-9.784299926593576,-4.59619387271232,0.05822831961461361
-9.835315763800736,0.04019162695340128,4.946318560561025
-0.02970459937714054,10.375956069969106,10.031261644994856
0.370162530474758,-0.07781642994041249,10.237274864283222
10.404234536811146,-9.983904993481701,5.226409596361364
0.5146680048845909,-15.63791265047621,0.04128346911619474
0.49709842373314217,9.836000265408074,-0.1865719927168925
-4.740168111292178,-4.861664104813826,5.390878596169301
10.178224883063649,-9.877855315513443,-0.03884334796867961
10.096737688502344,-9.987617492675781,0.3183714140351981
-9.957654545073638,10.164064948796295,0.031167731419770917
10.351476605953849,-9.960805225331569,4.545855187958871
0.29552981541105083,10.250893741467735,10.072020952939965
15.502381952333053,5.088097091051168,-0.02828667401280427
-10.174984293616944,9.598924986930797,0.03054142195736631
-15.01168318421378,0.21904175570375628,0.11188636295355536
-0.7546875052747737,4.9695451611914905,9.82211927804758
-5.362784231705291,6.632437551787007,4.703870133247406
0.23579448032397643,9.936043799505569,4.939209850676825
10.114784148688614,10.162878827250097,9.930944746533328
10.119915684194893,0.0815804713010948,0.10650634067496867
10.25266525787174,10.069414082623553,-0.0381288512543847
10.112677336016986,10.023314580670558,0.09723168139453264
0.342757697288647,-9.741765731363557,4.567258781413514
0.08791295528865817,-14.3835452227504,0.11033018790999449
10.11055320428568,0.3966315346151532,10.343309536198944
10.08589290083819,-9.947560881904792,0.18585267058494992
-14.8690189582544,0.0648630324686792,5.467016439889335
10.247021281952584,9.997385269554798,10.405596132217738
-5.333080516202244,-4.907925907391473,15.111803615641747
-9.888550478183333,-10.044650340481894,0.07617682502740308
-9.777332570761246,-0.21695634396110108,10.08710037309993
0.5192011095732241,-9.978746079286793,5.126577727785232
-0.017369544831353778,-9.81742640369339,10.552758458831363
-10.039761150710547,10.18219158082502,0.02868589018800094
-9.604389534640632,10.760832096537342,15.088311011668793
0.04598067835495101,-9.815629868477117,0.02758204975617673
0.4255758010969757,10.292744845937705,0.19917434483988927
0.1332487458144982,0.14821037227306988,0.013784044358374103
-9.691522742657526,-9.76603937195614,5.211685324862074
15.415646063920576,0.08397781867643062,10.071832580170621
-9.804420598868546,0.08746948311727465,4.870424131653607
-14.56076924023364,14.953721745172516,-0.01313586417273882
-4.723952886974985,-0.11373069048204343,0.039992455741582944
0.27065355697905247,0.08982443711011001,0.05147569575558464
7.042385508426605,-10.21802313416265,15.10556691720194
10.234634079208718,-9.845377837686101,-0.004620095189181939
-4.623935826708703,0.1600081571548344,-0.10591905168706717
10.186621570703664,0.13843459064810304,0.04700904144300466
-4.722595887710668,-0.11177255641268857,0.03196141668678365
0.21822898220452025,-0.008490067411230484,0.04763355116557477
-9.80948795197719,0.048830865598574746,0.1932247049036846
10.255281454651595,10.084299805952469,-0.027553579986886234
10.059332594667012,-10.009637298178859,0.08352636259820656
9.780988817640264,-9.940856539120432,0.20664626471943848
6.250181155629662,3.7296964940615,9.05907188210739
0.14324791606336262,13.558597824769095,9.116518677754584
10.27317408083718,10.150080555351451,0.011189419430309044
-9.866356612587879,0.4232710704573037,9.835233982221553
-9.83318857576478,-9.992354833550053,5.177761353819221
-9.83897517923424,0.04949667137452707,5.036265320601608
-10.019666966409204,-9.831794602388982,15.019761321025953
0.14375968790959703,-0.05296307818389323,0.04318519420797884
15.050271974466796,10.102803097921424,0.18001521443176216
0.1687647807253434,-9.894578404404456,0.09094908958894621
10.14834644881148,-9.891402824257966,-0.028964576017131094
10.320668036320058,0.0757260536333888,-0.007583666783318677
0.4164297935155048,9.419239821785595,5.139976715863895
10.04775429388701,-9.967877041228348,0.007052417464080918
10.317080953429922,-9.821762586419936,10.05480044229023
15.20701048333649,9.915987933636643,0.17960367392294074
10.209627394567633,-9.926617976772832,5.259697584340202
15.69436169134633,0.042772674998900584,0.07899521760822381
-4.470951478716643,5.06226475200674,9.859819028274046
5.383736106595052,10.07953184231883,0.1336302197206578
-0.21182393551541168,9.597317292063963,-0.2929606134667324
10.084168126247732,-9.919162355625303,0.11855739860675385
0.18098311467820594,-9.937396167311817,0.038562262486436794
9.980219130050045,-9.909181377588538,0.000971696476597117
0.1272398598548108,-10.034926593623823,5.211076937808855
-9.489695590064002,10.11427846661536,10.122391471514561
-5.092543227688111,10.275378679099958,15.131808323815449
-9.817660510609585,0.04780288588301573,-0.06515554434901105
-4.704340580040025,-5.6709889291232685,9.970101686112457
-9.787582397786991,-9.873098580224905,5.093712228732542
0.2929079915286259,9.920487437746488,4.92689051902596
10.082072520026486,10.122964101930847,0.0704782487981106
10.212473832964406,9.967020762123866,10.272113628086117
-9.18183707903836,-0.13549961264925514,15.158845215435804
10.0772934783231,-9.985944469255628,-0.015212763941747198
9.96951798870441,10.178584219771437,5.594135963836095
4.892378083189897,0.06065174514469618,5.127146220605454
-9.794501871513148,0.11506925778189725,-0.15029763643934757
5.162198845317789,0.3839865998043024,4.838727938569221
-4.501069832883786,5.930842574176495,14.955652188468093
0.21739352859401428,-10.219362369505689,4.899245015384906
-10.5813138841404,-10.010881602967856,14.943086404943642
10.273173062068963,10.232298581220675,-0.007041345179857217
0.30566566774258064,10.074947615241399,-0.024085481325812452
14.892560541950388,10.075143600901356,0.17637224105010318
0.6400683279122177,15.162418912543217,4.927784689767066
0.3574875257097432,-9.841635736491298,5.010269278518869
-9.84376440861979,-9.953275088802911,4.871173573316355
10.064031153681299,0.16545307516275898,10.162242510756528
0.5141829757040384,-9.79029259737581,10.049665784542412
10.542221597888783,-14.88769893857534,0.05749702532853007
4.809852763816025,6.036957580698072,15.006984368027588
-9.857947699729266,-0.04307583449963204,-0.04764467567264319
0.272917689748855,10.138666432176251,0.02340425368703336
0.27973864540483007,10.146831480582478,9.919546394248187
10.23177745312978,0.09373416601374629,10.064343862719284
-9.383512435167631,-9.706702671886887,0.1341929383755769
0.19711187104302752,-0.015161737944254128,0.10851695002673978
10.384036438151725,10.065533158252947,0.03680871597435953
-9.767039955470409,10.111209045368014,5.01594562046229
-9.873692762514565,-9.865899169497425,-0.04333429876902528
-9.809603072785649,10.21428117036703,4.9134195413539175
14.978896054453799,0.09881259976918955,0.0780194586612879
0.3125845047386022,0.05210407572724307,0.06475327638457884
0.32778578407011594,-8.881397870980436,14.927818612014335
15.465387422088952,5.15354660426965,-0.027975319021436462
0.5325833304994987,0.18245503850562272,5.145315194147969
0.6906103105526995,0.1836383210668373,5.149461719737488
0.04394939779562179,5.308468675051699,9.921973043458365
-0.8532454347630392,-9.64648607786512,15.092281237743691
10.21638895922024,-9.910349125479115,5.728900182686516
-3.76727757454546,6.052977877261583,14.898287280983368
0.28483059221494855,10.047219727392076,0.029884516917775272
10.070612396359593,-9.562062192562735,14.69425317559967
-10.046594029138305,0.15611271887223666,0.08621247430119183
6.010569927424285,0.014959717283545615,0.012370648675016582
0.2746744918651167,-9.909128298138967,0.12176183538207397
-0.27472612354202397,6.206143732793862,0.2874605824210903
0.24629199935191082,9.92338128850679,10.041632945747779
0.12394043572154345,-0.06355577773774712,5.1838971918391366
0.2839200681214926,-14.597953534743283,4.993854526390869
-9.859175315430093,-9.874335739703383,5.030475595048614
10.192597665061385,-9.815846269309986,10.359831747792896
9.959610467799394,-9.906080312823178,0.014048606114045015
5.680330606835469,1.5733682258251065,14.996220723990746
-9.766960491549526,0.13674873597278747,4.883347088546046
0.2907798006427065,-9.915162002493162,0.11890654813464607
0.6994727662866751,8.563786914281081,10.349803597435084
-9.847747792346127,0.05122387474966672,5.129430165444589
-9.850908011353567,0.08455057592209414,-0.033046985875046175
-9.579446013628967,9.898345141205937,0.1010117349602524
-9.74368673164463,10.041136005864246,5.0331302487990754
1.2717766362921168,-19.58764227834763,0.1520352591381311
10.374267469724145,0.03879881374348315,-0.018286119665788192
15.219900957579284,0.06232925830795466,0.07899281795511115
-8.68760409172637,-9.322409498505294,14.982211549119029
10.226816051915648,-0.007203050252655885,5.036519271391171
0.2586048001794694,10.171026522759348,0.07476942847682722
-9.656270306063561,-4.766431406213087,0.12385763241934455
0.19766709972099505,10.074349450675072,0.1811514501806073
10.125585129319461,-9.887828127481043,-0.010201688329232184
-19.993332416647718,0.2978228313904765,0.03982208037058399
10.18798162627263,0.0865693494347397,0.049223621309351984
0.3658053861590105,10.043482729990501,10.106802125068157
5.490522881659672,-4.2956600707548205,10.217421934168897
0.3262293131726679,-9.876293554785661,0.006115952836864835
10.278644866159539,-9.787922395800706,5.721897394990492
-9.95245067702399,9.649356588575756,0.26811847846312276
-9.66308280912699,-9.790822371112881,0.2492212102009148
-9.709296172961785,0.03033845906361421,10.205884402003221
0.1460595332808623,-9.91070843252237,0.014944276638345855
-9.729485102707258,9.737529720383463,0.11413243826700636
10.21475689253748,-0.0035672674505349278,5.015990726441892
-9.37849907677446,-9.71237911071512,0.146686432350009
0.6627289803698488,-19.721447404648643,0.1360322724864318
-15.024884382762593,0.2516240287604887,0.10866242899669487
0.3509731715321607,10.25163889527903,0.07743814269474569
10.123024964791512,10.012101546948543,0.0165562436167761
10.154348012374612,14.934667243534932,0.026402620251303688
0.20123071910564505,-9.937095043511363,0.07216730463278509
0.22256562380991163,11.660055134765571,6.511432761901517
14.862302107153482,14.908143850887427,0.02966374883141043
10.393617953227476,-9.979114573157858,3.712738033612709
-9.768079099051192,-9.80841820864589,5.241978395777991
0.18516633615750067,-0.0071319879066322756,0.09243897421526981
-4.76212715081374,5.103200235971599,0.06325319323252643
0.12378561478914918,0.1453398235187251,0.013939421897418924
10.552349172728555,0.23062859443166417,10.214878901782754
-14.77073125703555,10.25599753469578,-0.07140544088093748
10.04978571771062,4.892733583488734,0.02479605249237693
0.13022637888134625,0.14270419279705493,0.014443948964355968
10.121831987210044,9.947860101587139,0.0974503497844239
10.211250292336445,9.919475865928689,5.155722564686741
-9.610079355129528,9.737212264444679,4.939988725584783
-9.954258990608196,9.766513141366886,0.053124857357261135
10.178062898917233,0.29882741739129415,5.007314368172686
10.204240148239023,0.29355379544358584,4.976761009883205
-9.905993827585462,-9.892042839928763,-0.025469481258539872
5.216648950182616,-4.532400540396338,15.357464503570782
6.230309062799506,0.18417240112944455,9.635062718435961
0.11666315149586381,-14.097017250169301,9.802317940475177
-1.7971662785066655,-1.2951193616245291,14.801186517606084
-9.820201318541422,-0.12921748115968512,0.0356100892445852
15.56409281827655,0.47789393899984134,15.154341066543338
5.094618346295192,5.761052132962504,10.486983967013316
15.421532506675248,-4.7813298890250735,0.17717222540653665
-9.953215771954547,-9.97971171696554,5.1864359498431725
10.349922984423756,10.237872944184346,5.24555927813536
0.6798098393059604,-4.454427849734202,15.10762701939916
10.16927194797745,-9.977223107387545,0.12342029563956203
10.378715411757184,-9.960557180980686,5.2851967482503
0.5716414235207878,-15.077286483341595,15.15475260705216
-9.680450769681102,-9.47081759799039,10.338608015837963
-9.469134809919524,-9.884095213114051,0.1658785579884352
0.2721308106885445,-9.930985803017393,0.10288826369435355
9.962131919135118,9.849303812836297,0.08945290587320187
-9.214462112402089,-9.985143173718825,10.216577856186518
-0.11640502192108215,-10.088890020182589,5.093737425090225
-10.402645370643313,0.24290253929757455,5.792220879218547
-9.93064598088722,-10.006645454588579,5.054976203307206
10.280224975663259,10.151290154346498,0.0038746768296391565
0.1290670843240349,0.1390664322750581,0.014584928584724821
0.2632578887029702,-9.910501218517311,0.11537095922977869
4.989775890371675,0.16351388892576324,4.990460592008809
0.17941940097546905,-9.904922772519058,0.08818438924652128
10.263991922902278,10.084990859555546,-0.035156880874353647
9.931970267318775,9.965281389391748,5.029098681591485
0.24710679504909017,-9.900464098755037,0.016814206326387193
10.145698670216916,9.861600892239949,5.126621596443698
10.090301110910787,-9.848664680524962,0.023245276668319548
10.261676262746278,0.3455569188208756,4.920528626183916
0.3308917855065374,10.789484791719588,5.307469353582945
0.9010310277440681,-3.6223589916626224,15.138911297028926
-9.716845245445711,-9.888325236941455,5.018333612760607
10.193811018007182,0.23235031122908367,0.05554820704440999
10.05993672421937,9.98069586569909,5.00755823292026
10.040186883575188,9.833989370876225,0.11868697987483756
0.3779140194686903,10.013397910428466,10.157064659252683
-5.859490788246831,-4.685307633611956,14.987849534107227
-5.100077528032898,6.0714995428861585,5.057002485393369
-4.71227474690977,-0.12674045081257646,0.04504972467651669
10.139513728374823,-9.898398083256325,-0.018662265291197855
10.270612897541014,0.04522766333900563,5.026660409061542
-9.965421633955884,-4.896419915938168,0.061441155175828044
0.394806788322839,10.239723579608835,0.09907491494169562
-0.04034792562649159,-9.774751546996413,10.594955758904234
-9.711815586761077,-0.05638579356809714,0.24164640519416025
-9.804185263410545,-9.898971749615157,0.02497602647582653
10.301071010908345,10.214124994294252,5.184185975093413
-9.76826960870767,-0.01763202968936639,5.145833519220304
0.26484553549966705,10.034808323020115,4.879566660034527
-14.584830507969855,14.979753132152837,-0.009587377132390884
10.038427470865372,-9.947480241971789,0.0293631922790496
10.020690716216905,9.868176619434962,0.13642011642076568
10.185625215387972,0.12579434494728048,0.04787831578306623
15.618844478533447,0.5966557304573143,15.207026650458374
-9.747448023899778,10.11234208746464,4.706399405122731
9.969802225036801,-9.996085706399754,15.124906921463435
0.2631904032677568,10.176395713235252,9.90560920896985
-9.847197657509241,0.0836396365523342,5.073638193080633
10.21628810116681,0.1648425019991464,10.124065229560642
5.327191923661303,5.302368111006217,15.057955399793627
-9.777474179543333,10.080195335438475,4.900898076422891
-9.903620097641124,10.160298349393997,0.03112093818407402
6.3661618044636725,-0.14447565379941807,-0.011015770647702539
0.13953588284330465,15.094134242186556,-0.017874579156966774
10.375354495411102,0.3766854321993378,10.326729133017011
10.416941632774979,-9.86395462427754,15.005005854036199
0.220361415304966,0.14235686371853262,0.04118568325185379
10.240697787633053,0.08520986638700379,10.186740569383687
-9.856839279909764,-10.029253217071528,0.07327174497788747
10.129727440887564,0.1449135132399988,0.08592001657808623
0.3206858132688595,-9.874520497018239,4.704420066250584
-10.187057715750143,0.25075769175873575,9.145874234195048
14.63719610081398,10.008051176642766,0.17134106834276963
8.951116528808143,9.936768538143951,15.329210987822307
4.991420182273032,-4.95061556508881,-0.004049577661646708
10.107514218695997,0.20710819397277191,0.060473495058147364
15.050514441302312,-14.980308287456864,0.08997872986151378
-9.75179205157474,9.776585987681756,0.06571673710931236
0.07263674873847492,9.994367906998377,5.040856569403147
-10.043557081085055,0.15256586966711438,0.05858736771159556
10.444611377533874,10.063538595859427,0.039267760501559223
0.14609834198260785,-0.0479331304641164,0.0425888804094825
4.919104957964464,1.247853652723279,15.026895489729895
10.298155296272853,10.242253019532654,5.235109988656276
-10.01379274887313,0.07011355177735368,4.702445639168403
10.395545462693008,-9.905174899904523,14.998895137384807
-9.685465146842489,-9.755756249360275,5.166083516935615
10.19647509689321,-9.82063668963383,5.114609457885834
-14.635866720541344,14.929563450306887,-0.009025258390749968
10.00023486919872,0.1887394348034377,10.212111501830577
-9.786708294657274,-4.774933304972365,0.1023354436085242
0.2678727097453404,10.067630817269674,4.866476702283279
-9.226027169195277,-0.632569231574962,15.15872523278017
-9.630787856665393,-0.10339107527488522,0.32664001874815085
0.2474522768613685,9.925514674076112,-0.0035810453913995843
-9.878623600682204,-9.934725862694904,-0.061461878295347105
-9.804779205280738,0.06701939308220517,4.870864767956419
10.220648429133234,-9.764334705017973,6.1753802407415606
-9.570317850409538,0.30512543443728646,14.96055827925693
15.241368441436407,10.029249271436129,0.18234647743071264
10.330615289185516,0.08170874397933403,-0.010918584696639755
9.390845416539833,9.110662441700697,15.059901518467996
-9.64860815030761,-9.457077165861847,10.308798924959206
-14.245761013864922,-9.882632465974893,-0.05199404693934184
-4.9057597159628585,0.07730028675587164,10.059412575572765
0.06805066810258609,-10.001884636265459,5.0813974714204235
10.194275576313885,-9.816786388022592,5.190442995595518
-4.214434301343317,5.3095465961814625,10.021400870441653
0.48760382232085675,10.211889532860368,4.4998829335831445
0.13843290706645917,-4.890574031174765,0.13760224553539047
-5.69702527384834,7.050475474854466,4.219906406229775
-14.543916776397054,14.963969141215784,-0.012467560780862641
-9.919391648400051,0.01570094755379614,4.840064282890914
0.33705838952073464,-9.944461858656723,0.11226850771174668
10.280480686485589,-9.787201740196906,5.909715994443701
9.845672449239373,0.9334795118847978,15.054673874162063
10.132942673378693,0.11080175297297501,0.08938241606301744
10.202965669200239,-9.841034509649035,6.113872782092784
-9.831492326684383,0.08117269417152784,-0.006172070839795651
1.316640259586137,5.494244196655927,5.106019262161205
0.3392398269642172,-9.945561215718044,0.11138093601670107
-9.923821252605194,9.992558101919712,-0.05430611271339103
10.27077488168743,-9.794871720660012,5.8134108660515835
-0.24915535967409141,-9.7660720362328,0.0655187657275178
10.285949434271515,-9.795274920325028,5.7186986573913146
10.291055500572384,-9.815412446885603,7.543441077581406
9.9364854480541,10.129117235046579,5.12486842487742
0.0563786565649238,0.4471058805283974,9.972727506530987
0.3059764318442326,-9.920061643992085,0.11917110989031698
0.4042199519508216,10.008122629747959,10.28899818730008
-4.8438023081109804,-5.039463928740588,5.16548345367913
10.115128492345775,10.072750942636048,0.14482130196819298
-9.867970341442742,-10.064684770419262,0.07695851202885251
-14.545511148655805,14.938178653275827,-0.012675730688386011
0.35895797436591437,5.435020290417015,9.958219203811836
-9.757878172899836,-0.12294007067885104,9.963349662166706
10.412873691286677,-9.96858340621111,5.237088502647666
10.274524967492198,10.148041079577524,0.007432162569159573
-9.7617270792216,-9.833564597880468,0.14154307585965853
-14.340180452165896,0.33990934832308994,9.729221507097122
10.30451444747996,-10.080692307499703,10.05956435363214
10.124469578122444,-9.848179820168298,0.016414664083129082
14.92679930416898,14.870942302048206,0.03612241518413839
-9.759611097636025,9.8782219052664,0.03395492851012705
0.3412129422256882,10.127939279569546,10.004377131347155
10.704985101990587,0.17063202174608705,5.007195135408651
10.268325762895074,0.32951193265762413,0.06386240516650332
-0.8147887174362722,10.412981027562637,15.483321510023643
0.056856442940187435,10.000742544740206,5.054292827094216
0.27547754387086343,-9.968682419799734,0.08032012608305195
-14.780288321674107,-14.419468781765318,-0.008069596538632595
6.188795276747214,-10.13332364402595,15.112356735684216
10.204324706000989,-9.769997873983812,5.8850636081257335
-10.208757478760617,0.2345567767376906,8.96622330404574
0.1926460846479472,-9.83734855017974,5.126873485031368
-9.880787464373952,-9.845286990166642,-0.08874713401286272
5.485953706208875,5.424380412674509,5.066446095250768
8.818950199935216,9.8648203650082,15.2880917319103
-9.772766451615098,10.092483228014316,4.94856009903031
10.183291217404076,-9.81100991484709,10.359056659837506
10.223270738522388,0.3219419227443723,4.955823061616158
-9.74250597928176,0.1725595649547813,4.950913633809712
6.448585756400007,-0.16398860366371082,-0.020931737222497304
0.35833970940455373,10.23129313395475,0.09380647653284768
-10.063080755185183,10.713487269036705,14.982278739406183
0.1292131820535758,-9.900411019305466,0.06601129452889154
0.38156079580900837,-10.195816529827425,5.725481126935932
-9.826136662170484,-9.875263609312242,4.852204427944507
0.1747417585461264,10.186012280435534,14.885650707692093
10.120786731019962,10.091953454277245,10.114727579385999
10.111052400711742,-9.909517207182944,-0.003963790062869066
0.054689331924748785,10.194376376777655,14.933243027875506
15.574011545631947,0.10364413752722612,10.03207152792038
-9.844633417908426,0.04854622545531129,5.083902746764622
0.11699563605425567,0.11782864751467059,0.016597037719691343
-4.653105198282219,-0.00535207191705922,0.132233921565728
10.047890808828015,0.29290299800959474,0.07795106854757705
5.1256739672214735,5.623076186835533,15.048479169651728
-9.834860374407981,0.031995214142853,4.970970384460294
9.979415321927263,9.995412143092835,4.990654888921775
20.17058982391518,0.020185315726848785,0.03717106359437139
-9.616627997224896,10.04308769639465,5.0009778966558045
9.928454498203791,9.863858810364036,0.24728289039916262
-15.394085984405592,0.2811965550772584,0.11305799358581226
-9.730378562433089,10.101514900510665,4.6564303785095476
-9.877583438333204,0.29773243045292475,10.015365142950031
-10.04984491851701,0.16444171068656033,0.08499944965274153
0.5692638731956379,10.138432678446406,4.317704793760406
8.89471446404059,10.287604305398418,15.393060957844
-9.852866083865592,9.886185864219442,0.00831283526150628
-9.511116210583168,-9.548139044636628,0.3447460013964587
10.506109320920132,-9.880290845641866,-0.0242594561764804
-9.791540312307916,-9.626756854762789,5.411578903789035
15.098981320431903,10.02964634654927,0.17940330288803352
0.1906119388030092,0.15099372590998428,0.04771873885107425
-9.961038893088698,-9.633287668577395,10.39814340956309
-9.618598294955518,9.7786795636639,4.998506028982284
10.191039968458426,10.16184377798345,5.115155828903923
-4.778941920226316,5.140449760467163,0.07189254435138537
-9.800414802241448,0.07492618556375419,-0.13347426837975718
0.5708800216250154,10.38994046341395,5.185509833720005
10.097176777603636,-9.995119047962362,0.3455078912597287
10.271101906284912,10.050475947471568,10.464317443624395
-10.080492522772602,0.10539632556515244,4.577725505872245
0.2768789391438631,10.012119920604164,0.014752904302611114
10.287573350808543,-9.71547303016996,10.519432676316
0.2035637460760853,0.15054862729243723,0.037346238271595666
0.5362046376344054,9.915289734723046,-0.19208459582995374
-4.47847406322694,-14.661591711745132,-0.07651430235779344
-4.731866678480401,-4.892384346632753,5.084539704687714
-0.14683339999109535,-9.796872407605406,0.03576906626329901
